<?xml version="1.0" encoding="UTF-8"?>
<project-private xmlns="http://www.netbeans.org/ns/project-private/1">
    <editor-bookmarks xmlns="http://www.netbeans.org/ns/editor-bookmarks/2" lastBookmarkId="0"/>
    <open-files xmlns="http://www.netbeans.org/ns/projectui-open-files/2">
        <group>
            <file>file:/C:/Users/pacov/Desktop/Ing%20Computación%20administrativa/4°%20Tetramestre/Computación%20en%20Java/EvidenciaFinal/src/Clases/Citas.java</file>
            <file>file:/C:/Users/pacov/Desktop/Ing%20Computación%20administrativa/4°%20Tetramestre/Computación%20en%20Java/EvidenciaFinal/src/Clases/Seguridad.java</file>
            <file>file:/C:/Users/pacov/Desktop/Ing%20Computación%20administrativa/4°%20Tetramestre/Computación%20en%20Java/EvidenciaFinal/src/Vistas/LogIn.java</file>
            <file>file:/C:/Users/pacov/Desktop/Ing%20Computación%20administrativa/4°%20Tetramestre/Computación%20en%20Java/EvidenciaFinal/src/Vistas/GestionDoctores.java</file>
            <file>file:/C:/Users/pacov/Desktop/Ing%20Computación%20administrativa/4°%20Tetramestre/Computación%20en%20Java/EvidenciaFinal/src/Vistas/EditorCitas.java</file>
            <file>file:/C:/Users/pacov/Desktop/Ing%20Computación%20administrativa/4°%20Tetramestre/Computación%20en%20Java/EvidenciaFinal/src/Vistas/VistaGeneral.java</file>
            <file>file:/C:/Users/pacov/Desktop/Ing%20Computación%20administrativa/4°%20Tetramestre/Computación%20en%20Java/EvidenciaFinal/src/Vistas/GestionCitas.java</file>
            <file>file:/C:/Users/pacov/Desktop/Ing%20Computación%20administrativa/4°%20Tetramestre/Computación%20en%20Java/EvidenciaFinal/src/Clases/Doctores.java</file>
            <file>file:/C:/Users/pacov/Desktop/Ing%20Computación%20administrativa/4°%20Tetramestre/Computación%20en%20Java/EvidenciaFinal/src/Clases/Archivo.java</file>
            <file>file:/C:/Users/pacov/Desktop/Ing%20Computación%20administrativa/4°%20Tetramestre/Computación%20en%20Java/EvidenciaFinal/src/Vistas/Seguridad.java</file>
            <file>file:/C:/Users/pacov/Desktop/Ing%20Computación%20administrativa/4°%20Tetramestre/Computación%20en%20Java/EvidenciaFinal/src/Vistas/EditorDoctores.java</file>
        </group>
    </open-files>
</project-private>
